n_step,n_eval,f_best,f_avg,f_std,test_f1_best,test_top1_best
0,1,0.7345289513363912,0.0,0.0,0.7499465251772973,0.7492222222222222
1,100,0.7345289513363912,0.2760620782960181,0.2739452485809413,0.7499465251772973,0.7492222222222222
2,200,0.7345289513363912,0.27455737811654274,0.2553467308579751,0.7499465251772973,0.7492222222222222
