n_step,n_eval,f_best,f_avg,f_std,test_f1_best,test_top1_best
0,1,0.8800000548362732,0.0,0.0,0.746881262779757,0.7462222576141357
1,100,0.8800000548362732,0.12710500631481408,0.22463908080338116,0.746881262779757,0.7462222222222222
