n_step,n_eval,f_best,f_avg,f_std,test_f1_best,test_top1_best
0,1,0.9735000729560852,0.0,0.0,0.9446249982787728,0.94477778673172
1,14,0.9735000729560852,0.1000357158482074,0.0001287699493686,0.9446249982787728,0.9447777777777778
50,700,0.9735000729560852,0.10725000447460584,0.009437295702953964,0.9446249982787727,0.9447777777777778
