n_step,n_eval,f_best,f_avg,f_std,test_f1_best,test_top1_best
0,1,0.7413656349366474,0.0,0.0,0.7491609584242945,0.7485555555555555
50,2500,0.7425579987625285,0.3915899860520007,0.2513799619998421,0.744618302489728,0.7435555555555555
100,5000,0.7425579987625285,0.3915899860520007,0.25137996199984214,0.744618302489728,0.7435555555555555
