n_step,n_eval,f_best,f_avg,f_std,test_f1_best,test_top1_best
0,1,0.7333745709702768,0,0,0.7484287497937946,0.7477
