n_step,n_eval,f_best,f_avg,f_std,test_f1_best,test_top1_best
0,1,0.8800000548362732,0.0,0.0,0.746881262779757,0.7462222576141357
1,16,0.8800000548362732,0.0098437506821937,0.0004227422336199,0.746881262779757,0.7462222222222222
50,800,0.8800000548362732,0.010218750685453415,0.0005854684812226218,0.746881262779757,0.7462222222222222
